Date,1 Mo,2 Mo,3 Mo,4 Mo,6 Mo,1 Yr,2 Yr,3 Yr,5 Yr,7 Yr,10 Yr,20 Yr,30 Yr,source_year
01/03/2022,0.05,0.06,0.08,,0.22,0.4,0.78,1.04,1.37,1.55,1.63,2.05,2.01,2022
01/04/2022,0.06,0.05,0.08,,0.22,0.38,0.77,1.02,1.37,1.57,1.66,2.1,2.07,2022
01/05/2022,0.05,0.06,0.09,,0.22,0.41,0.83,1.1,1.43,1.62,1.71,2.12,2.09,2022
01/06/2022,0.04,0.05,0.1,,0.23,0.45,0.88,1.15,1.47,1.66,1.73,2.12,2.09,2022
01/07/2022,0.05,0.05,0.1,,0.24,0.43,0.87,1.17,1.5,1.69,1.76,2.15,2.11,2022
01/10/2022,0.05,0.06,0.13,,0.28,0.46,0.92,1.21,1.53,1.71,1.78,2.15,2.11,2022
01/11/2022,0.04,0.05,0.11,,0.28,0.46,0.9,1.22,1.51,1.69,1.75,2.13,2.08,2022
01/12/2022,0.04,0.06,0.12,,0.27,0.48,0.92,1.21,1.5,1.67,1.74,2.13,2.08,2022
01/13/2022,0.05,0.05,0.12,,0.28,0.47,0.91,1.18,1.47,1.64,1.7,2.1,2.05,2022
01/14/2022,0.05,0.05,0.13,,0.3,0.51,0.99,1.26,1.55,1.72,1.78,2.18,2.12,2022
01/18/2022,0.05,0.06,0.16,,0.37,0.58,1.06,1.35,1.65,1.82,1.87,2.24,2.18,2022
01/19/2022,0.05,0.06,0.17,,0.36,0.57,1.04,1.33,1.62,1.78,1.83,2.2,2.14,2022
01/20/2022,0.05,0.09,0.17,,0.36,0.6,1.08,1.34,1.62,1.77,1.83,2.19,2.14,2022
01/21/2022,0.05,0.08,0.17,,0.35,0.58,1.01,1.28,1.54,1.7,1.75,2.13,2.07,2022
01/24/2022,0.05,0.09,0.19,,0.39,0.58,0.99,1.25,1.53,1.69,1.75,2.15,2.1,2022
01/25/2022,0.05,0.09,0.19,,0.39,0.65,1.02,1.28,1.56,1.73,1.78,2.18,2.12,2022
01/26/2022,0.06,0.11,0.19,,0.4,0.7,1.13,1.39,1.66,1.81,1.85,2.22,2.16,2022
01/27/2022,0.04,0.14,0.2,,0.43,0.75,1.18,1.43,1.66,1.78,1.81,2.17,2.09,2022
01/28/2022,0.04,0.1,0.19,,0.43,0.75,1.15,1.38,1.61,1.74,1.78,2.14,2.07,2022
01/31/2022,0.03,0.13,0.22,,0.49,0.78,1.18,1.39,1.62,1.75,1.79,2.17,2.11,2022
02/01/2022,0.04,0.1,0.19,,0.48,0.78,1.18,1.39,1.63,1.76,1.81,2.19,2.12,2022
02/02/2022,0.04,0.1,0.19,,0.45,0.76,1.16,1.38,1.6,1.74,1.78,2.17,2.11,2022
02/03/2022,0.03,0.15,0.2,,0.48,0.78,1.19,1.42,1.66,1.78,1.82,2.2,2.14,2022
02/04/2022,0.05,0.12,0.23,,0.56,0.89,1.31,1.55,1.78,1.9,1.93,2.29,2.23,2022
02/07/2022,0.03,0.14,0.27,,0.58,0.88,1.3,1.54,1.76,1.88,1.92,2.28,2.22,2022
02/08/2022,0.03,0.14,0.25,,0.59,0.91,1.35,1.59,1.81,1.93,1.96,2.31,2.25,2022
02/09/2022,0.04,0.15,0.26,,0.57,0.91,1.36,1.61,1.82,1.92,1.94,2.31,2.25,2022
02/10/2022,0.05,0.31,0.4,,0.74,1.14,1.61,1.82,1.96,2.03,2.03,2.37,2.3,2022
02/11/2022,0.03,0.22,0.36,,0.71,1.07,1.5,1.71,1.84,1.92,1.92,2.3,2.24,2022
02/14/2022,0.03,0.25,0.43,,0.76,1.13,1.58,1.8,1.9,1.98,1.98,2.35,2.29,2022
02/15/2022,0.02,0.19,0.4,,0.72,1.11,1.58,1.8,1.94,2.03,2.05,2.42,2.37,2022
02/16/2022,0.03,0.17,0.38,,0.67,1.09,1.52,1.75,1.9,2.0,2.03,2.39,2.34,2022
02/17/2022,0.06,0.23,0.36,,0.65,1.05,1.49,1.7,1.85,1.94,1.97,2.35,2.31,2022
02/18/2022,0.03,0.19,0.35,,0.65,1.03,1.47,1.68,1.82,1.9,1.92,2.3,2.24,2022
02/22/2022,0.03,0.2,0.37,,0.73,1.17,1.56,1.74,1.85,1.93,1.94,2.31,2.24,2022
02/23/2022,0.02,0.2,0.34,,0.74,1.16,1.58,1.78,1.89,1.98,1.99,2.36,2.29,2022
02/24/2022,0.05,0.18,0.32,,0.65,1.08,1.54,1.73,1.84,1.94,1.96,2.36,2.28,2022
02/25/2022,0.03,0.2,0.33,,0.71,1.13,1.55,1.76,1.86,1.96,1.97,2.37,2.29,2022
02/28/2022,0.06,0.2,0.35,,0.69,1.01,1.44,1.62,1.71,1.81,1.83,2.25,2.17,2022
03/01/2022,0.11,0.21,0.32,,0.6,0.91,1.31,1.47,1.56,1.67,1.72,2.19,2.11,2022
03/02/2022,0.13,0.24,0.34,,0.68,1.06,1.5,1.67,1.74,1.83,1.86,2.32,2.24,2022
03/03/2022,0.19,0.25,0.38,,0.69,1.08,1.53,1.69,1.74,1.82,1.86,2.32,2.24,2022
03/04/2022,0.15,0.21,0.34,,0.69,1.05,1.5,1.62,1.65,1.7,1.74,2.23,2.16,2022
03/07/2022,0.17,0.23,0.38,,0.75,1.07,1.55,1.68,1.71,1.77,1.78,2.29,2.19,2022
03/08/2022,0.16,0.24,0.36,,0.72,1.12,1.63,1.78,1.8,1.85,1.86,2.34,2.24,2022
03/09/2022,0.18,0.26,0.38,,0.75,1.15,1.68,1.83,1.87,1.92,1.94,2.38,2.29,2022
03/10/2022,0.19,0.28,0.39,,0.75,1.19,1.72,1.88,1.92,1.98,1.98,2.45,2.38,2022
03/11/2022,0.17,0.28,0.4,,0.78,1.22,1.75,1.91,1.96,2.01,2.0,2.45,2.36,2022
03/14/2022,0.23,0.32,0.45,,0.86,1.28,1.87,2.04,2.1,2.16,2.14,2.56,2.47,2022
03/15/2022,0.22,0.31,0.46,,0.86,1.28,1.85,2.04,2.1,2.16,2.15,2.57,2.49,2022
03/16/2022,0.24,0.3,0.44,,0.86,1.35,1.95,2.14,2.18,2.22,2.19,2.56,2.46,2022
03/17/2022,0.2,0.3,0.4,,0.81,1.3,1.94,2.14,2.17,2.22,2.2,2.6,2.5,2022
03/18/2022,0.19,0.28,0.42,,0.83,1.29,1.97,2.15,2.14,2.17,2.14,2.53,2.42,2022
03/21/2022,0.22,0.33,0.54,,0.95,1.4,2.14,2.34,2.33,2.36,2.32,2.67,2.55,2022
03/22/2022,0.2,0.3,0.51,,0.96,1.59,2.18,2.38,2.39,2.42,2.38,2.71,2.6,2022
03/23/2022,0.15,0.27,0.5,,0.93,1.52,2.13,2.32,2.34,2.37,2.32,2.65,2.52,2022
03/24/2022,0.16,0.31,0.52,,0.96,1.55,2.13,2.35,2.37,2.39,2.34,2.63,2.51,2022
03/25/2022,0.17,0.32,0.55,,1.01,1.67,2.3,2.51,2.55,2.56,2.48,2.74,2.6,2022
03/28/2022,0.19,0.36,0.59,,1.08,1.69,2.35,2.55,2.54,2.55,2.46,2.72,2.57,2022
03/29/2022,0.18,0.34,0.55,,1.06,1.67,2.35,2.54,2.49,2.5,2.41,2.68,2.53,2022
03/30/2022,0.16,0.33,0.55,,1.04,1.64,2.31,2.49,2.44,2.43,2.35,2.63,2.48,2022
03/31/2022,0.17,0.35,0.52,,1.06,1.63,2.28,2.45,2.42,2.4,2.32,2.59,2.44,2022
04/01/2022,0.15,0.37,0.53,,1.09,1.72,2.44,2.61,2.55,2.5,2.39,2.6,2.44,2022
04/04/2022,0.18,0.42,0.66,,1.14,1.72,2.43,2.61,2.56,2.52,2.42,2.64,2.48,2022
04/05/2022,0.18,0.42,0.65,,1.13,1.77,2.51,2.69,2.69,2.65,2.54,2.74,2.57,2022
04/06/2022,0.21,0.44,0.67,,1.15,1.79,2.5,2.67,2.7,2.69,2.61,2.81,2.63,2022
04/07/2022,0.21,0.5,0.68,,1.15,1.78,2.47,2.66,2.7,2.73,2.66,2.87,2.69,2022
04/08/2022,0.2,0.49,0.7,,1.19,1.81,2.53,2.73,2.76,2.79,2.72,2.94,2.76,2022
04/11/2022,0.22,0.54,0.77,,1.23,1.85,2.5,2.73,2.79,2.84,2.79,3.02,2.84,2022
04/12/2022,0.21,0.52,0.74,,1.2,1.77,2.39,2.58,2.66,2.73,2.72,2.99,2.82,2022
04/13/2022,0.26,0.52,0.75,,1.2,1.78,2.37,2.57,2.66,2.71,2.7,2.97,2.81,2022
04/14/2022,0.37,0.57,0.79,,1.25,1.84,2.47,2.67,2.79,2.84,2.83,3.09,2.92,2022
04/18/2022,0.38,0.6,0.81,,1.27,1.84,2.46,2.68,2.79,2.85,2.85,3.12,2.95,2022
04/19/2022,0.37,0.58,0.81,,1.28,1.94,2.61,2.81,2.91,2.95,2.93,3.19,3.01,2022
04/20/2022,0.35,0.56,0.82,,1.29,1.93,2.6,2.79,2.87,2.88,2.85,3.08,2.9,2022
04/21/2022,0.5,0.65,0.83,,1.32,2.01,2.68,2.87,2.96,2.96,2.9,3.12,2.94,2022
04/22/2022,0.46,0.64,0.83,,1.34,2.06,2.72,2.88,2.94,2.95,2.9,3.14,2.95,2022
04/25/2022,0.4,0.61,0.91,,1.42,2.03,2.63,2.79,2.84,2.85,2.81,3.06,2.88,2022
04/26/2022,0.38,0.61,0.83,,1.4,1.99,2.54,2.72,2.79,2.8,2.77,3.03,2.86,2022
04/27/2022,0.37,0.63,0.82,,1.39,1.97,2.58,2.75,2.81,2.84,2.82,3.08,2.91,2022
04/28/2022,0.37,0.71,0.82,,1.38,2.04,2.63,2.8,2.86,2.88,2.85,3.1,2.92,2022
04/29/2022,0.37,0.73,0.85,,1.41,2.1,2.7,2.87,2.92,2.94,2.89,3.14,2.96,2022
05/02/2022,0.41,0.71,0.9,,1.49,2.1,2.73,2.93,3.01,3.04,2.99,3.26,3.07,2022
05/03/2022,0.48,0.77,0.91,,1.45,2.16,2.78,2.95,3.01,3.03,2.97,3.21,3.03,2022
05/04/2022,0.49,0.74,0.89,,1.44,2.07,2.66,2.85,2.93,2.97,2.93,3.21,3.01,2022
05/05/2022,0.49,0.71,0.85,,1.37,2.08,2.71,2.91,3.01,3.07,3.05,3.35,3.15,2022
05/06/2022,0.48,0.72,0.85,,1.41,2.08,2.72,2.94,3.06,3.13,3.12,3.43,3.23,2022
05/09/2022,0.51,0.73,0.92,,1.43,1.99,2.61,2.81,2.95,3.04,3.05,3.38,3.19,2022
05/10/2022,0.57,0.75,0.89,,1.44,2.01,2.62,2.81,2.91,2.99,2.99,3.31,3.12,2022
05/11/2022,0.59,0.77,0.91,,1.43,1.99,2.66,2.81,2.89,2.94,2.91,3.25,3.05,2022
05/12/2022,0.61,0.77,0.96,,1.44,1.96,2.56,2.73,2.81,2.86,2.84,3.22,3.0,2022
05/13/2022,0.67,0.79,1.03,,1.47,2.04,2.61,2.79,2.89,2.95,2.93,3.32,3.1,2022
05/16/2022,0.64,0.85,1.07,,1.54,2.07,2.58,2.75,2.83,2.89,2.88,3.3,3.09,2022
05/17/2022,0.61,0.85,1.06,,1.57,2.16,2.71,2.89,2.96,3.0,2.98,3.36,3.17,2022
05/18/2022,0.56,0.85,1.03,,1.56,2.16,2.68,2.84,2.89,2.91,2.89,3.24,3.07,2022
05/19/2022,0.65,0.91,1.05,,1.52,2.11,2.63,2.78,2.84,2.87,2.84,3.24,3.05,2022
05/20/2022,0.63,0.87,1.03,,1.51,2.07,2.6,2.73,2.8,2.82,2.78,3.17,2.99,2022
05/23/2022,0.55,0.9,1.07,,1.57,2.09,2.65,2.8,2.88,2.9,2.86,3.26,3.08,2022
05/24/2022,0.55,0.88,1.06,,1.53,2.02,2.5,2.66,2.76,2.8,2.76,3.16,2.98,2022
05/25/2022,0.58,0.88,1.06,,1.52,2.01,2.48,2.63,2.71,2.76,2.75,3.14,2.97,2022
05/26/2022,0.71,0.9,1.07,,1.52,1.99,2.46,2.63,2.7,2.75,2.75,3.18,2.99,2022
05/27/2022,0.69,0.91,1.08,,1.54,2.01,2.47,2.64,2.71,2.76,2.74,3.16,2.97,2022
05/31/2022,0.73,0.89,1.16,,1.64,2.08,2.53,2.71,2.81,2.87,2.85,3.28,3.07,2022
06/01/2022,0.77,0.9,1.15,,1.63,2.16,2.66,2.84,2.94,2.98,2.94,3.31,3.09,2022
06/02/2022,0.85,1.05,1.17,,1.64,2.15,2.65,2.83,2.92,2.95,2.92,3.3,3.09,2022
06/03/2022,0.87,1.05,1.21,,1.68,2.18,2.66,2.87,2.95,2.99,2.96,3.33,3.11,2022
06/06/2022,0.88,1.07,1.26,,1.74,2.23,2.73,2.94,3.03,3.07,3.04,3.41,3.19,2022
06/07/2022,0.87,1.08,1.26,,1.75,2.26,2.75,2.91,2.99,3.02,2.98,3.35,3.13,2022
06/08/2022,0.89,1.1,1.28,,1.77,2.29,2.78,2.94,3.03,3.06,3.03,3.4,3.18,2022
06/09/2022,1.05,1.17,1.3,,1.81,2.35,2.83,2.99,3.07,3.08,3.04,3.4,3.18,2022
06/10/2022,1.1,1.25,1.39,,1.98,2.58,3.06,3.21,3.25,3.24,3.15,3.45,3.2,2022
06/13/2022,1.13,1.45,1.73,,2.25,2.89,3.4,3.56,3.56,3.53,3.43,3.68,3.42,2022
06/14/2022,1.19,1.55,1.83,,2.43,3.15,3.45,3.6,3.61,3.6,3.49,3.72,3.45,2022
06/15/2022,1.21,1.56,1.74,,2.32,2.93,3.2,3.35,3.38,3.39,3.33,3.64,3.39,2022
06/16/2022,1.19,1.47,1.59,,2.24,2.88,3.14,3.33,3.35,3.36,3.28,3.59,3.35,2022
06/17/2022,1.15,1.5,1.63,,2.25,2.86,3.17,3.35,3.34,3.34,3.25,3.55,3.3,2022
06/21/2022,1.08,1.48,1.7,,2.46,2.92,3.21,3.35,3.38,3.39,3.31,3.63,3.39,2022
06/22/2022,0.98,1.42,1.61,,2.4,2.79,3.06,3.2,3.22,3.24,3.16,3.49,3.25,2022
06/23/2022,1.12,1.54,1.65,,2.44,2.78,3.01,3.12,3.14,3.16,3.09,3.45,3.21,2022
06/24/2022,1.19,1.6,1.73,,2.51,2.83,3.04,3.13,3.18,3.19,3.13,3.51,3.26,2022
06/27/2022,1.16,1.57,1.79,,2.56,2.89,3.08,3.21,3.24,3.27,3.2,3.56,3.31,2022
06/28/2022,1.12,1.59,1.79,,2.55,2.88,3.1,3.21,3.25,3.27,3.2,3.55,3.3,2022
06/29/2022,1.12,1.53,1.78,,2.55,2.88,3.06,3.13,3.15,3.17,3.1,3.46,3.22,2022
06/30/2022,1.28,1.68,1.72,,2.51,2.8,2.92,2.99,3.01,3.04,2.98,3.38,3.14,2022
07/01/2022,1.27,1.68,1.73,,2.52,2.79,2.84,2.85,2.88,2.92,2.88,3.35,3.11,2022
07/05/2022,1.33,1.71,1.9,,2.59,2.77,2.82,2.82,2.82,2.87,2.82,3.31,3.05,2022
07/06/2022,1.36,1.7,1.9,,2.62,2.82,2.97,2.99,2.96,2.99,2.93,3.42,3.14,2022
07/07/2022,1.55,1.9,1.95,,2.64,2.87,3.03,3.05,3.05,3.07,3.01,3.45,3.2,2022
07/08/2022,1.57,1.92,1.98,,2.68,2.96,3.12,3.14,3.13,3.16,3.09,3.53,3.27,2022
07/11/2022,1.58,1.95,2.18,,2.79,2.97,3.07,3.09,3.05,3.06,2.99,3.43,3.18,2022
07/12/2022,1.63,2.01,2.22,,2.78,3.07,3.03,3.07,3.01,3.01,2.96,3.37,3.13,2022
07/13/2022,1.78,2.2,2.39,,2.96,3.21,3.13,3.14,3.02,3.0,2.91,3.35,3.08,2022
07/14/2022,1.99,2.32,2.4,,2.93,3.16,3.15,3.16,3.06,3.05,2.96,3.36,3.11,2022
07/15/2022,1.98,2.26,2.37,,2.94,3.12,3.13,3.14,3.05,3.03,2.93,3.34,3.1,2022
07/18/2022,1.96,2.28,2.5,,3.02,3.13,3.15,3.15,3.06,3.05,2.96,3.39,3.14,2022
07/19/2022,1.93,2.29,2.52,,3.06,3.18,3.23,3.22,3.14,3.11,3.01,3.42,3.17,2022
07/20/2022,1.92,2.29,2.51,,3.04,3.18,3.25,3.25,3.18,3.15,3.04,3.43,3.17,2022
07/21/2022,2.15,2.3,2.48,,3.0,3.11,3.1,3.07,3.0,2.99,2.91,3.33,3.08,2022
07/22/2022,2.15,2.29,2.49,,2.97,3.01,2.98,2.93,2.87,2.85,2.77,3.23,3.0,2022
07/25/2022,2.14,2.31,2.62,,3.06,3.07,3.0,2.98,2.89,2.89,2.81,3.28,3.04,2022
07/26/2022,2.17,2.35,2.55,,3.01,3.06,3.02,3.01,2.89,2.88,2.81,3.27,3.03,2022
07/27/2022,2.14,2.3,2.44,,2.93,3.0,2.96,2.93,2.82,2.83,2.78,3.26,3.03,2022
07/28/2022,2.2,2.3,2.42,,2.9,2.93,2.85,2.81,2.69,2.69,2.68,3.23,3.02,2022
07/29/2022,2.22,2.28,2.41,,2.91,2.98,2.89,2.83,2.7,2.7,2.67,3.2,3.0,2022
08/01/2022,2.22,2.33,2.56,,2.96,2.98,2.9,2.82,2.66,2.64,2.6,3.12,2.92,2022
08/02/2022,2.22,2.33,2.56,,3.0,3.09,3.06,3.02,2.85,2.82,2.75,3.22,3.0,2022
08/03/2022,2.2,2.29,2.52,,3.0,3.14,3.1,3.04,2.86,2.81,2.73,3.17,2.96,2022
08/04/2022,2.19,2.36,2.5,,2.98,3.11,3.03,2.95,2.76,2.73,2.68,3.15,2.97,2022
08/05/2022,2.21,2.39,2.58,,3.1,3.29,3.24,3.18,2.97,2.91,2.83,3.27,3.06,2022
08/08/2022,2.23,2.43,2.65,,3.15,3.3,3.21,3.14,2.91,2.85,2.77,3.22,3.0,2022
08/09/2022,2.23,2.43,2.67,,3.16,3.33,3.28,3.2,2.97,2.89,2.8,3.24,3.01,2022
08/10/2022,2.24,2.43,2.65,,3.13,3.26,3.23,3.13,2.93,2.86,2.78,3.27,3.04,2022
08/11/2022,2.24,2.51,2.62,,3.08,3.25,3.23,3.16,2.98,2.94,2.87,3.38,3.15,2022
08/12/2022,2.23,2.5,2.63,,3.13,3.26,3.25,3.18,2.97,2.92,2.84,3.34,3.12,2022
08/15/2022,2.27,2.53,2.72,,3.13,3.23,3.2,3.14,2.91,2.86,2.79,3.31,3.1,2022
08/16/2022,2.26,2.51,2.7,,3.12,3.26,3.25,3.19,2.95,2.9,2.82,3.31,3.11,2022
08/17/2022,2.22,2.51,2.68,,3.15,3.27,3.28,3.27,3.04,2.99,2.89,3.37,3.15,2022
08/18/2022,2.23,2.56,2.71,,3.12,3.24,3.22,3.23,3.02,2.97,2.88,3.35,3.14,2022
08/19/2022,2.23,2.6,2.74,,3.16,3.26,3.25,3.28,3.11,3.06,2.98,3.44,3.22,2022
08/22/2022,2.27,2.6,2.82,,3.23,3.32,3.32,3.36,3.17,3.12,3.03,3.48,3.24,2022
08/23/2022,2.28,2.6,2.8,,3.21,3.29,3.29,3.35,3.18,3.14,3.05,3.49,3.26,2022
08/24/2022,2.29,2.62,2.82,,3.28,3.35,3.36,3.4,3.2,3.2,3.11,3.55,3.32,2022
08/25/2022,2.42,2.7,2.88,,3.25,3.33,3.35,3.37,3.15,3.11,3.03,3.47,3.25,2022
08/26/2022,2.39,2.69,2.89,,3.26,3.36,3.37,3.4,3.2,3.14,3.04,3.44,3.21,2022
08/29/2022,2.45,2.75,2.97,,3.32,3.43,3.42,3.45,3.27,3.21,3.12,3.5,3.25,2022
08/30/2022,2.43,2.73,2.97,,3.31,3.48,3.46,3.47,3.27,3.22,3.11,3.49,3.23,2022
08/31/2022,2.4,2.72,2.96,,3.32,3.5,3.45,3.46,3.3,3.25,3.15,3.53,3.27,2022
09/01/2022,2.53,2.8,2.97,,3.34,3.51,3.51,3.54,3.39,3.36,3.26,3.64,3.37,2022
09/02/2022,2.49,2.79,2.94,,3.33,3.47,3.4,3.44,3.3,3.29,3.2,3.61,3.35,2022
09/06/2022,2.44,2.82,3.04,,3.4,3.61,3.5,3.55,3.43,3.41,3.33,3.74,3.49,2022
09/07/2022,2.3,2.8,3.07,,3.42,3.6,3.45,3.5,3.37,3.35,3.27,3.67,3.42,2022
09/08/2022,2.57,2.86,3.06,,3.44,3.6,3.48,3.54,3.39,3.37,3.29,3.69,3.45,2022
09/09/2022,2.57,2.88,3.08,,3.52,3.67,3.56,3.61,3.45,3.42,3.33,3.71,3.47,2022
09/12/2022,2.62,2.93,3.17,,3.56,3.7,3.58,3.6,3.47,3.45,3.37,3.76,3.53,2022
09/13/2022,2.55,2.95,3.28,,3.75,3.92,3.75,3.75,3.58,3.53,3.42,3.75,3.51,2022
09/14/2022,2.54,2.95,3.24,,3.76,3.95,3.78,3.79,3.6,3.52,3.41,3.73,3.47,2022
09/15/2022,2.76,3.03,3.22,,3.78,4.0,3.87,3.85,3.66,3.59,3.45,3.75,3.48,2022
09/16/2022,2.68,3.01,3.2,,3.77,3.96,3.85,3.81,3.62,3.56,3.45,3.79,3.52,2022
09/19/2022,2.62,3.02,3.37,,3.87,4.05,3.95,3.9,3.69,3.62,3.49,3.77,3.52,2022
09/20/2022,2.57,3.05,3.35,,3.86,4.03,3.96,3.94,3.75,3.69,3.57,3.83,3.59,2022
09/21/2022,2.59,3.06,3.31,,3.86,4.08,4.02,3.98,3.74,3.65,3.51,3.73,3.5,2022
09/22/2022,2.73,3.09,3.29,,3.87,4.08,4.11,4.12,3.91,3.84,3.7,3.9,3.65,2022
09/23/2022,2.67,3.07,3.24,,3.85,4.15,4.2,4.21,3.96,3.85,3.69,3.87,3.61,2022
09/26/2022,2.73,3.14,3.39,,3.95,4.17,4.27,4.37,4.15,4.06,3.88,4.01,3.72,2022
09/27/2022,2.71,3.14,3.35,,3.91,4.16,4.3,4.39,4.21,4.14,3.97,4.15,3.87,2022
09/28/2022,2.63,3.14,3.4,,3.87,3.99,4.07,4.12,3.92,3.83,3.72,3.98,3.7,2022
09/29/2022,2.78,3.2,3.36,,3.87,3.98,4.16,4.19,3.98,3.89,3.76,4.0,3.71,2022
09/30/2022,2.79,3.2,3.33,,3.92,4.05,4.22,4.25,4.06,3.97,3.83,4.08,3.79,2022
10/03/2022,2.87,3.26,3.46,,3.97,4.01,4.12,4.12,3.9,3.79,3.67,4.0,3.73,2022
10/04/2022,2.91,3.23,3.45,,3.98,4.15,4.1,4.08,3.84,3.73,3.62,3.95,3.7,2022
10/05/2022,2.89,3.22,3.46,,4.0,4.14,4.15,4.17,3.96,3.87,3.76,4.05,3.78,2022
10/06/2022,3.05,3.34,3.46,,4.04,4.19,4.23,4.24,4.05,3.95,3.83,4.08,3.81,2022
10/07/2022,3.03,3.34,3.45,,4.09,4.24,4.3,4.33,4.14,4.03,3.89,4.13,3.86,2022
10/11/2022,3.07,3.43,3.67,,4.17,4.28,4.3,4.31,4.14,4.06,3.93,4.19,3.92,2022
10/12/2022,3.07,3.45,3.7,,4.16,4.28,4.28,4.29,4.12,4.03,3.91,4.18,3.9,2022
10/13/2022,3.35,3.6,3.79,,4.3,4.46,4.47,4.44,4.21,4.11,3.97,4.25,3.97,2022
10/14/2022,3.3,3.61,3.81,,4.31,4.5,4.48,4.47,4.25,4.15,4.0,4.26,3.99,2022
10/17/2022,3.3,3.66,3.97,,4.38,4.5,4.45,4.45,4.24,4.15,4.02,4.29,4.04,2022
10/18/2022,3.25,3.7,4.04,,4.39,4.5,4.43,4.43,4.21,4.12,4.01,4.27,4.04,2022
10/19/2022,3.31,3.72,4.07,4.32,4.45,4.6,4.55,4.56,4.35,4.26,4.14,4.38,4.15,2022
10/20/2022,3.58,3.83,4.09,4.33,4.48,4.66,4.62,4.66,4.45,4.36,4.24,4.47,4.24,2022
10/21/2022,3.55,3.78,4.09,4.31,4.43,4.58,4.49,4.52,4.34,4.28,4.21,4.54,4.33,2022
10/24/2022,3.57,3.83,4.16,4.33,4.52,4.61,4.5,4.52,4.36,4.31,4.25,4.59,4.4,2022
10/25/2022,3.56,3.81,4.14,4.32,4.5,4.6,4.42,4.45,4.25,4.17,4.1,4.45,4.26,2022
10/26/2022,3.54,3.85,4.11,4.27,4.47,4.54,4.39,4.41,4.2,4.12,4.04,4.38,4.19,2022
10/27/2022,3.76,3.95,4.13,4.27,4.44,4.5,4.3,4.29,4.09,4.01,3.96,4.32,4.12,2022
10/28/2022,3.75,3.95,4.18,4.3,4.51,4.55,4.41,4.38,4.19,4.1,4.02,4.38,4.15,2022
10/31/2022,3.73,4.0,4.22,4.33,4.57,4.66,4.51,4.45,4.27,4.18,4.1,4.44,4.22,2022
11/01/2022,3.72,4.0,4.23,4.35,4.58,4.75,4.54,4.48,4.27,4.18,4.07,4.37,4.14,2022
11/02/2022,3.7,4.01,4.22,4.38,4.57,4.76,4.61,4.54,4.3,4.2,4.1,4.41,4.15,2022
11/03/2022,3.75,4.04,4.25,4.38,4.57,4.78,4.71,4.63,4.36,4.26,4.14,4.42,4.18,2022
11/04/2022,3.73,4.0,4.21,4.36,4.55,4.76,4.66,4.58,4.33,4.26,4.17,4.49,4.27,2022
11/07/2022,3.78,4.04,4.29,4.39,4.62,4.8,4.72,4.63,4.39,4.31,4.22,4.55,4.34,2022
11/08/2022,3.66,4.04,4.28,4.39,4.6,4.77,4.67,4.55,4.31,4.22,4.14,4.47,4.28,2022
11/09/2022,3.65,4.05,4.29,4.4,4.59,4.75,4.61,4.49,4.27,4.2,4.12,4.5,4.31,2022
11/10/2022,3.71,4.0,4.28,4.36,4.52,4.59,4.34,4.17,3.95,3.89,3.82,4.24,4.03,2022
11/14/2022,3.72,4.05,4.34,4.38,4.55,4.63,4.4,4.24,4.0,3.95,3.88,4.28,4.07,2022
11/15/2022,3.77,4.1,4.31,4.4,4.54,4.6,4.37,4.17,3.93,3.88,3.8,4.2,3.98,2022
11/16/2022,3.81,4.15,4.32,4.43,4.54,4.62,4.35,4.13,3.83,3.77,3.67,4.03,3.85,2022
11/17/2022,3.93,4.2,4.32,4.44,4.57,4.68,4.43,4.22,3.93,3.87,3.77,4.1,3.89,2022
11/18/2022,3.93,4.23,4.34,4.46,4.61,4.74,4.51,4.28,3.99,3.92,3.82,4.13,3.92,2022
11/21/2022,3.97,4.24,4.41,4.47,4.65,4.75,4.48,4.32,3.97,3.94,3.83,4.14,3.91,2022
11/22/2022,3.97,4.26,4.4,4.49,4.68,4.79,4.47,4.27,3.93,3.86,3.76,4.05,3.83,2022
11/23/2022,4.12,4.29,4.4,4.5,4.67,4.75,4.46,4.23,3.88,3.81,3.71,3.97,3.74,2022
11/25/2022,4.16,4.33,4.41,4.52,4.67,4.76,4.42,4.2,3.85,3.78,3.68,3.97,3.74,2022
11/28/2022,4.11,4.29,4.41,4.52,4.72,4.76,4.46,4.22,3.88,3.8,3.69,3.97,3.74,2022
11/29/2022,4.08,4.26,4.38,4.51,4.72,4.78,4.48,4.24,3.92,3.85,3.75,4.02,3.81,2022
11/30/2022,4.07,4.25,4.37,4.55,4.7,4.74,4.38,4.13,3.82,3.76,3.68,4.0,3.8,2022
12/01/2022,4.04,4.24,4.33,4.52,4.65,4.66,4.25,3.98,3.68,3.62,3.53,3.85,3.64,2022
12/02/2022,3.91,4.25,4.34,4.52,4.65,4.69,4.28,3.99,3.67,3.61,3.51,3.79,3.56,2022
12/05/2022,3.93,4.25,4.36,4.56,4.73,4.77,4.41,4.13,3.8,3.72,3.6,3.84,3.62,2022
12/06/2022,3.87,4.19,4.37,4.54,4.74,4.73,4.34,4.07,3.73,3.64,3.51,3.77,3.52,2022
12/07/2022,3.79,4.1,4.29,4.53,4.72,4.67,4.26,3.97,3.62,3.54,3.42,3.66,3.42,2022
12/08/2022,3.75,4.11,4.28,4.53,4.71,4.71,4.31,4.04,3.71,3.63,3.48,3.71,3.44,2022
12/09/2022,3.81,4.13,4.31,4.54,4.72,4.72,4.33,4.07,3.75,3.69,3.57,3.82,3.56,2022
12/12/2022,3.86,4.18,4.38,4.6,4.78,4.75,4.39,4.1,3.8,3.73,3.61,3.84,3.57,2022
12/13/2022,3.89,4.16,4.35,4.58,4.7,4.64,4.22,3.96,3.66,3.6,3.51,3.74,3.53,2022
12/14/2022,3.91,4.14,4.33,4.58,4.68,4.64,4.23,3.94,3.64,3.59,3.49,3.74,3.52,2022
12/15/2022,3.95,4.24,4.34,4.56,4.7,4.65,4.23,3.96,3.62,3.56,3.44,3.69,3.48,2022
12/16/2022,3.94,4.22,4.31,4.54,4.68,4.61,4.17,3.91,3.61,3.58,3.48,3.73,3.53,2022
12/19/2022,3.95,4.24,4.37,4.57,4.71,4.64,4.25,3.99,3.7,3.67,3.57,3.82,3.62,2022
12/20/2022,3.89,4.23,4.35,4.55,4.7,4.64,4.25,4.03,3.79,3.78,3.69,3.94,3.74,2022
12/21/2022,3.9,4.23,4.33,4.57,4.67,4.6,4.21,4.0,3.78,3.77,3.68,3.93,3.74,2022
12/22/2022,3.8,4.2,4.35,4.57,4.66,4.64,4.24,4.02,3.79,3.77,3.67,3.91,3.73,2022
12/23/2022,3.8,4.2,4.34,4.59,4.67,4.66,4.31,4.09,3.86,3.83,3.75,3.99,3.82,2022
12/27/2022,3.87,4.32,4.46,4.66,4.76,4.75,4.32,4.17,3.94,3.93,3.84,4.1,3.93,2022
12/28/2022,3.86,4.33,4.46,4.66,4.75,4.71,4.31,4.18,3.97,3.97,3.88,4.13,3.98,2022
12/29/2022,4.04,4.39,4.45,4.66,4.73,4.71,4.34,4.16,3.94,3.91,3.83,4.09,3.92,2022
12/30/2022,4.12,4.41,4.42,4.69,4.76,4.73,4.41,4.22,3.99,3.96,3.88,4.14,3.97,2022
01/03/2023,4.17,4.42,4.53,4.7,4.77,4.72,4.4,4.18,3.94,3.89,3.79,4.06,3.88,2023
01/04/2023,4.2,4.42,4.55,4.69,4.77,4.71,4.36,4.11,3.85,3.79,3.69,3.97,3.81,2023
01/05/2023,4.3,4.55,4.66,4.75,4.81,4.78,4.45,4.18,3.9,3.82,3.71,3.96,3.78,2023
01/06/2023,4.32,4.55,4.67,4.74,4.79,4.71,4.24,3.96,3.69,3.63,3.55,3.84,3.67,2023
01/09/2023,4.37,4.58,4.7,4.74,4.83,4.69,4.19,3.93,3.66,3.6,3.53,3.83,3.66,2023
01/10/2023,4.41,4.62,4.73,4.77,4.85,4.74,4.24,3.94,3.72,3.67,3.61,3.91,3.74,2023
01/11/2023,4.42,4.62,4.72,4.82,4.84,4.73,4.2,3.9,3.66,3.61,3.54,3.84,3.67,2023
01/12/2023,4.57,4.59,4.66,4.74,4.76,4.66,4.12,3.79,3.53,3.48,3.43,3.73,3.56,2023
01/13/2023,4.58,4.59,4.67,4.73,4.77,4.69,4.22,3.88,3.6,3.55,3.49,3.79,3.61,2023
01/17/2023,4.6,4.63,4.71,4.74,4.82,4.67,4.18,3.86,3.6,3.57,3.53,3.81,3.64,2023
01/18/2023,4.59,4.62,4.69,4.74,4.79,4.63,4.06,3.72,3.43,3.4,3.37,3.65,3.54,2023
01/19/2023,4.69,4.66,4.71,4.74,4.79,4.65,4.09,3.76,3.48,3.43,3.39,3.69,3.57,2023
01/20/2023,4.69,4.64,4.72,4.75,4.8,4.68,4.14,3.83,3.56,3.51,3.48,3.77,3.66,2023
01/23/2023,4.69,4.65,4.73,4.76,4.82,4.7,4.21,3.88,3.61,3.56,3.52,3.8,3.69,2023
01/24/2023,4.7,4.67,4.72,4.75,4.84,4.7,4.12,3.86,3.58,3.52,3.46,3.73,3.62,2023
01/25/2023,4.67,4.65,4.72,4.75,4.79,4.67,4.11,3.84,3.54,3.51,3.46,3.74,3.62,2023
01/26/2023,4.61,4.65,4.71,4.76,4.79,4.68,4.17,3.88,3.58,3.54,3.49,3.75,3.62,2023
01/27/2023,4.61,4.64,4.73,4.76,4.81,4.68,4.19,3.9,3.62,3.58,3.52,3.77,3.64,2023
01/30/2023,4.6,4.64,4.72,4.76,4.82,4.71,4.25,3.96,3.68,3.62,3.55,3.79,3.66,2023
01/31/2023,4.58,4.64,4.7,4.74,4.8,4.68,4.21,3.9,3.63,3.59,3.52,3.78,3.65,2023
02/01/2023,4.59,4.63,4.66,4.77,4.79,4.66,4.09,3.75,3.48,3.43,3.39,3.67,3.55,2023
02/02/2023,4.62,4.65,4.66,4.75,4.76,4.64,4.09,3.75,3.49,3.44,3.4,3.67,3.55,2023
02/03/2023,4.61,4.67,4.7,4.8,4.82,4.79,4.3,3.96,3.67,3.61,3.53,3.77,3.63,2023
02/06/2023,4.61,4.67,4.71,4.81,4.89,4.85,4.44,4.1,3.81,3.73,3.63,3.82,3.67,2023
02/07/2023,4.62,4.68,4.71,4.8,4.89,4.88,4.47,4.11,3.85,3.78,3.67,3.87,3.72,2023
02/08/2023,4.64,4.69,4.72,4.85,4.88,4.87,4.45,4.08,3.82,3.75,3.63,3.86,3.7,2023
02/09/2023,4.66,4.77,4.77,4.87,4.9,4.88,4.48,4.15,3.87,3.79,3.67,3.9,3.75,2023
02/10/2023,4.66,4.77,4.79,4.89,4.89,4.89,4.5,4.19,3.93,3.86,3.74,3.96,3.83,2023
02/13/2023,4.66,4.78,4.81,4.9,4.99,4.91,4.52,4.22,3.93,3.84,3.72,3.92,3.79,2023
02/14/2023,4.63,4.78,4.8,4.91,4.98,4.99,4.6,4.32,4.0,3.9,3.77,3.94,3.81,2023
02/15/2023,4.64,4.79,4.79,4.94,4.97,4.96,4.62,4.35,4.04,3.94,3.81,3.97,3.85,2023
02/16/2023,4.66,4.8,4.84,4.95,4.98,4.99,4.62,4.35,4.06,3.98,3.86,4.05,3.92,2023
02/17/2023,4.64,4.81,4.84,4.95,4.99,5.0,4.6,4.33,4.03,3.95,3.82,4.01,3.88,2023
02/21/2023,4.63,4.83,4.86,4.98,5.07,5.07,4.67,4.44,4.16,4.08,3.95,4.12,3.98,2023
02/22/2023,4.62,4.81,4.84,5.0,5.08,5.07,4.66,4.43,4.13,4.07,3.93,4.09,3.94,2023
02/23/2023,4.66,4.83,4.84,5.0,5.05,5.03,4.66,4.4,4.09,4.02,3.88,4.04,3.88,2023
02/24/2023,4.68,4.83,4.86,5.02,5.06,5.05,4.78,4.52,4.19,4.1,3.95,4.11,3.93,2023
02/27/2023,4.67,4.83,4.89,5.02,5.18,5.03,4.78,4.49,4.17,4.08,3.92,4.11,3.93,2023
02/28/2023,4.65,4.81,4.88,5.0,5.17,5.02,4.81,4.51,4.18,4.07,3.92,4.1,3.93,2023
03/01/2023,4.67,4.82,4.9,5.02,5.2,5.06,4.89,4.61,4.27,4.17,4.01,4.17,3.97,2023
03/02/2023,4.75,4.8,4.91,5.02,5.18,5.04,4.89,4.63,4.32,4.24,4.08,4.24,4.03,2023
03/03/2023,4.75,4.79,4.91,5.01,5.18,5.03,4.86,4.6,4.26,4.15,3.97,4.12,3.9,2023
03/06/2023,4.75,4.79,4.93,5.02,5.22,5.05,4.89,4.61,4.27,4.16,3.98,4.14,3.92,2023
03/07/2023,4.8,4.88,5.04,5.12,5.32,5.22,5.0,4.66,4.31,4.17,3.97,4.11,3.88,2023
03/08/2023,4.77,4.88,5.06,5.21,5.34,5.25,5.05,4.71,4.34,4.19,3.98,4.11,3.88,2023
03/09/2023,4.83,4.96,5.05,5.19,5.32,5.18,4.9,4.56,4.22,4.1,3.93,4.09,3.88,2023
03/10/2023,4.81,4.91,5.01,5.08,5.17,4.9,4.6,4.31,3.96,3.86,3.7,3.9,3.7,2023
03/13/2023,4.62,4.81,4.87,4.87,4.81,4.3,4.03,3.88,3.68,3.65,3.55,3.85,3.7,2023
03/14/2023,4.47,4.77,4.88,4.95,4.93,4.45,4.2,4.05,3.78,3.74,3.64,3.91,3.77,2023
03/15/2023,4.23,4.56,4.75,4.85,4.73,4.19,3.93,3.83,3.59,3.57,3.51,3.82,3.7,2023
03/16/2023,4.22,4.66,4.74,4.92,4.94,4.49,4.14,3.99,3.72,3.67,3.56,3.87,3.71,2023
03/17/2023,4.31,4.51,4.52,4.79,4.71,4.26,3.81,3.68,3.44,3.45,3.39,3.76,3.6,2023
03/20/2023,4.34,4.56,4.81,4.84,4.8,4.34,3.92,3.77,3.56,3.55,3.47,3.83,3.65,2023
03/21/2023,4.07,4.5,4.78,4.89,4.96,4.68,4.17,3.98,3.73,3.68,3.59,3.9,3.73,2023
03/22/2023,4.16,4.56,4.79,4.91,4.95,4.56,3.96,3.76,3.54,3.53,3.48,3.83,3.68,2023
03/23/2023,4.26,4.48,4.73,4.84,4.8,4.38,3.76,3.57,3.39,3.39,3.38,3.78,3.66,2023
03/24/2023,4.28,4.48,4.74,4.78,4.76,4.32,3.76,3.58,3.41,3.4,3.38,3.77,3.64,2023
03/27/2023,4.22,4.47,4.91,4.9,4.86,4.51,3.94,3.79,3.59,3.57,3.53,3.9,3.77,2023
03/28/2023,4.24,4.39,4.8,4.86,4.9,4.55,4.02,3.84,3.63,3.6,3.55,3.9,3.77,2023
03/29/2023,4.34,4.5,4.8,4.91,4.92,4.59,4.08,3.87,3.67,3.62,3.57,3.91,3.78,2023
03/30/2023,4.74,4.77,4.97,4.94,4.92,4.63,4.1,3.87,3.66,3.61,3.55,3.88,3.74,2023
03/31/2023,4.74,4.79,4.85,4.97,4.94,4.64,4.06,3.81,3.6,3.55,3.48,3.81,3.67,2023
04/03/2023,4.7,4.79,4.9,4.98,4.88,4.6,3.97,3.73,3.52,3.48,3.43,3.78,3.64,2023
04/04/2023,4.66,4.8,4.88,4.9,4.8,4.5,3.84,3.6,3.39,3.38,3.35,3.72,3.6,2023
04/05/2023,4.62,4.77,4.86,4.9,4.82,4.43,3.79,3.55,3.36,3.34,3.3,3.67,3.56,2023
04/06/2023,4.57,4.85,4.91,4.98,4.93,4.51,3.82,3.59,3.37,3.34,3.3,3.66,3.54,2023
04/07/2023,4.56,4.9,4.95,5.07,4.95,4.61,3.97,3.72,3.49,3.45,3.39,3.73,3.61,2023
04/10/2023,4.53,4.89,5.08,5.08,4.98,4.65,4.0,3.75,3.52,3.47,3.41,3.74,3.62,2023
04/11/2023,4.27,4.89,5.04,5.06,4.99,4.67,4.03,3.76,3.54,3.48,3.43,3.75,3.62,2023
04/12/2023,4.27,4.89,5.02,5.1,4.98,4.64,3.95,3.68,3.46,3.43,3.41,3.75,3.64,2023
04/13/2023,4.08,4.96,5.1,5.1,4.95,4.66,3.96,3.7,3.51,3.48,3.45,3.8,3.69,2023
04/14/2023,4.29,4.98,5.14,5.16,5.03,4.77,4.08,3.83,3.6,3.56,3.52,3.85,3.74,2023
04/17/2023,4.09,5.04,5.21,5.24,5.07,4.8,4.18,3.92,3.69,3.64,3.6,3.92,3.81,2023
04/18/2023,3.89,5.04,5.2,5.19,5.09,4.81,4.19,3.92,3.69,3.63,3.58,3.91,3.79,2023
04/19/2023,3.95,5.03,5.16,5.22,5.1,4.84,4.24,3.97,3.71,3.66,3.6,3.9,3.79,2023
04/20/2023,3.4,5.04,5.12,5.17,5.06,4.77,4.14,3.87,3.63,3.59,3.54,3.87,3.75,2023
04/21/2023,3.36,4.98,5.14,5.19,5.07,4.78,4.17,3.89,3.66,3.62,3.57,3.9,3.78,2023
04/24/2023,3.54,5.09,5.2,5.15,5.06,4.76,4.12,3.84,3.6,3.56,3.52,3.85,3.73,2023
04/25/2023,4.11,5.05,5.12,5.11,4.98,4.6,3.86,3.62,3.43,3.42,3.4,3.77,3.65,2023
04/26/2023,3.91,5.07,5.16,5.17,5.0,4.64,3.9,3.65,3.46,3.45,3.43,3.81,3.7,2023
04/27/2023,4.27,5.13,5.18,5.21,5.05,4.78,4.07,3.82,3.6,3.57,3.53,3.88,3.76,2023
04/28/2023,4.35,5.14,5.1,5.2,5.06,4.8,4.04,3.75,3.51,3.49,3.44,3.8,3.67,2023
05/01/2023,4.49,5.17,5.27,5.22,5.14,4.86,4.14,3.85,3.64,3.62,3.59,3.95,3.84,2023
05/02/2023,4.56,5.33,5.24,5.19,5.06,4.74,3.97,3.67,3.46,3.44,3.44,3.82,3.72,2023
05/03/2023,4.7,5.33,5.26,5.25,5.08,4.7,3.89,3.58,3.37,3.37,3.38,3.79,3.7,2023
05/04/2023,5.76,5.24,5.26,5.23,5.04,4.59,3.75,3.47,3.29,3.32,3.37,3.8,3.73,2023
05/05/2023,5.59,5.23,5.26,5.26,5.13,4.73,3.92,3.63,3.41,3.41,3.44,3.85,3.76,2023
05/08/2023,5.51,5.17,5.31,5.26,5.14,4.79,4.0,3.7,3.49,3.5,3.52,3.92,3.84,2023
05/09/2023,5.56,5.16,5.29,5.27,5.18,4.81,4.01,3.67,3.51,3.51,3.53,3.94,3.85,2023
05/10/2023,5.5,4.99,5.24,5.24,5.13,4.7,3.9,3.55,3.37,3.4,3.43,3.88,3.8,2023
05/11/2023,5.81,4.82,5.2,5.23,5.14,4.7,3.89,3.56,3.36,3.37,3.39,3.82,3.73,2023
05/12/2023,5.79,4.87,5.25,5.27,5.16,4.75,3.98,3.65,3.45,3.45,3.46,3.87,3.78,2023
05/15/2023,5.64,4.97,5.21,5.26,5.24,4.73,3.99,3.67,3.46,3.48,3.5,3.92,3.84,2023
05/16/2023,5.58,4.98,5.23,5.24,5.26,4.88,4.06,3.74,3.52,3.53,3.54,3.96,3.87,2023
05/17/2023,5.5,5.06,5.26,5.36,5.3,4.92,4.12,3.8,3.58,3.58,3.57,3.96,3.88,2023
05/18/2023,5.59,5.22,5.31,5.43,5.38,5.02,4.24,3.94,3.69,3.67,3.65,4.02,3.91,2023
05/19/2023,5.62,5.27,5.29,5.46,5.36,5.02,4.28,3.98,3.76,3.74,3.7,4.07,3.95,2023
05/22/2023,5.69,5.35,5.4,5.5,5.43,5.07,4.29,3.98,3.77,3.74,3.72,4.09,3.97,2023
05/23/2023,5.67,5.26,5.34,5.42,5.39,5.06,4.26,3.99,3.76,3.73,3.7,4.08,3.96,2023
05/24/2023,5.73,5.22,5.37,5.52,5.42,5.12,4.31,4.04,3.75,3.76,3.73,4.1,3.97,2023
05/25/2023,5.95,5.44,5.38,5.55,5.46,5.24,4.5,4.21,3.9,3.86,3.83,4.16,4.01,2023
05/26/2023,6.02,5.47,5.34,5.55,5.44,5.25,4.54,4.23,3.92,3.86,3.8,4.13,3.96,2023
05/30/2023,5.31,5.31,5.55,5.54,5.52,5.22,4.46,4.1,3.81,3.75,3.69,4.06,3.9,2023
05/31/2023,5.28,5.37,5.52,5.53,5.46,5.18,4.4,4.04,3.74,3.69,3.64,4.01,3.85,2023
06/01/2023,5.3,5.39,5.5,5.5,5.44,5.11,4.33,3.98,3.7,3.66,3.61,3.98,3.84,2023
06/02/2023,5.28,5.39,5.5,5.52,5.5,5.22,4.5,4.13,3.84,3.78,3.69,4.03,3.88,2023
06/05/2023,5.25,5.35,5.46,5.47,5.46,5.17,4.46,4.1,3.82,3.77,3.69,4.03,3.89,2023
06/06/2023,5.15,5.26,5.44,5.44,5.44,5.2,4.51,4.15,3.85,3.78,3.7,4.02,3.87,2023
06/07/2023,5.07,5.26,5.42,5.42,5.43,5.16,4.56,4.21,3.93,3.88,3.79,4.12,3.95,2023
06/08/2023,5.25,5.29,5.38,5.42,5.39,5.12,4.52,4.17,3.87,3.8,3.73,4.05,3.89,2023
06/09/2023,5.25,5.32,5.37,5.45,5.39,5.17,4.59,4.23,3.92,3.84,3.75,4.05,3.89,2023
06/12/2023,5.24,5.31,5.4,5.43,5.38,5.18,4.55,4.16,3.89,3.82,3.73,4.04,3.87,2023
06/13/2023,5.19,5.24,5.36,5.37,5.36,5.26,4.67,4.3,4.01,3.94,3.84,4.12,3.94,2023
06/14/2023,5.18,5.25,5.36,5.37,5.36,5.27,4.74,4.37,4.06,3.95,3.83,4.09,3.9,2023
06/15/2023,5.18,5.25,5.33,5.37,5.33,5.21,4.62,4.23,3.91,3.82,3.72,4.02,3.85,2023
06/16/2023,5.18,5.27,5.34,5.38,5.35,5.24,4.7,4.32,3.99,3.88,3.77,4.05,3.86,2023
06/20/2023,5.17,5.26,5.39,5.39,5.41,5.24,4.68,4.29,3.96,3.85,3.74,4.01,3.83,2023
06/21/2023,5.16,5.27,5.4,5.44,5.41,5.25,4.68,4.29,3.95,3.84,3.72,3.99,3.81,2023
06/22/2023,5.18,5.31,5.4,5.44,5.41,5.29,4.77,4.37,4.03,3.92,3.8,4.06,3.88,2023
06/23/2023,5.17,5.3,5.41,5.44,5.41,5.25,4.71,4.32,3.99,3.88,3.74,4.01,3.82,2023
06/26/2023,5.17,5.31,5.5,5.44,5.45,5.27,4.65,4.3,3.96,3.85,3.72,4.01,3.83,2023
06/27/2023,5.17,5.31,5.44,5.44,5.46,5.33,4.74,4.38,4.02,3.9,3.77,4.03,3.84,2023
06/28/2023,5.17,5.32,5.44,5.49,5.47,5.32,4.71,4.32,3.97,3.83,3.71,4.0,3.81,2023
06/29/2023,5.25,5.4,5.46,5.51,5.5,5.41,4.87,4.49,4.14,3.99,3.85,4.11,3.92,2023
06/30/2023,5.24,5.39,5.43,5.5,5.47,5.4,4.87,4.49,4.13,3.97,3.81,4.06,3.85,2023
07/03/2023,5.27,5.4,5.44,5.52,5.53,5.43,4.94,4.56,4.19,4.03,3.86,4.08,3.87,2023
07/05/2023,5.28,5.38,5.44,5.51,5.52,5.4,4.94,4.59,4.25,4.11,3.95,4.17,3.95,2023
07/06/2023,5.32,5.47,5.46,5.52,5.54,5.44,4.99,4.68,4.37,4.22,4.05,4.23,4.01,2023
07/07/2023,5.32,5.47,5.46,5.52,5.53,5.41,4.94,4.64,4.35,4.23,4.06,4.27,4.05,2023
07/10/2023,5.34,5.47,5.48,5.53,5.54,5.38,4.85,4.54,4.25,4.14,4.01,4.24,4.05,2023
07/11/2023,5.35,5.48,5.49,5.53,5.55,5.44,4.88,4.52,4.24,4.13,3.99,4.22,4.03,2023
07/12/2023,5.36,5.49,5.47,5.52,5.53,5.35,4.72,4.36,4.07,3.97,3.86,4.14,3.96,2023
07/13/2023,5.37,5.5,5.47,5.51,5.49,5.27,4.59,4.21,3.93,3.85,3.76,4.07,3.9,2023
07/14/2023,5.37,5.49,5.49,5.53,5.52,5.34,4.74,4.35,4.04,3.94,3.83,4.11,3.93,2023
07/17/2023,5.37,5.51,5.49,5.53,5.52,5.33,4.74,4.34,4.02,3.91,3.81,4.1,3.94,2023
07/18/2023,5.37,5.5,5.49,5.53,5.51,5.32,4.74,4.35,4.0,3.9,3.8,4.08,3.91,2023
07/19/2023,5.37,5.51,5.49,5.54,5.51,5.32,4.74,4.34,3.98,3.87,3.75,4.01,3.84,2023
07/20/2023,5.44,5.53,5.49,5.54,5.52,5.35,4.8,4.43,4.08,3.98,3.85,4.1,3.91,2023
07/21/2023,5.43,5.54,5.5,5.54,5.53,5.35,4.82,4.44,4.09,3.97,3.84,4.1,3.91,2023
07/24/2023,5.44,5.54,5.51,5.55,5.55,5.38,4.81,4.48,4.13,4.0,3.86,4.11,3.92,2023
07/25/2023,5.46,5.54,5.51,5.55,5.57,5.38,4.85,4.53,4.15,4.05,3.91,4.14,3.95,2023
07/26/2023,5.46,5.53,5.51,5.57,5.55,5.37,4.82,4.47,4.09,3.99,3.86,4.12,3.94,2023
07/27/2023,5.47,5.55,5.51,5.58,5.56,5.4,4.91,4.58,4.24,4.13,4.01,4.26,4.06,2023
07/28/2023,5.47,5.54,5.52,5.57,5.54,5.37,4.87,4.52,4.18,4.08,3.96,4.22,4.03,2023
07/31/2023,5.48,5.54,5.55,5.56,5.53,5.37,4.88,4.51,4.18,4.08,3.97,4.22,4.02,2023
08/01/2023,5.49,5.54,5.54,5.57,5.54,5.38,4.92,4.57,4.24,4.15,4.05,4.3,4.11,2023
08/02/2023,5.48,5.53,5.53,5.54,5.52,5.36,4.88,4.54,4.24,4.17,4.08,4.35,4.17,2023
08/03/2023,5.54,5.52,5.54,5.53,5.52,5.37,4.9,4.58,4.3,4.26,4.2,4.49,4.32,2023
08/04/2023,5.54,5.51,5.54,5.52,5.5,5.33,4.78,4.45,4.15,4.1,4.05,4.36,4.21,2023
08/07/2023,5.54,5.51,5.56,5.53,5.53,5.3,4.76,4.44,4.16,4.13,4.09,4.42,4.27,2023
08/08/2023,5.54,5.53,5.57,5.52,5.53,5.35,4.74,4.36,4.1,4.06,4.02,4.35,4.2,2023
08/09/2023,5.51,5.52,5.55,5.34,5.54,5.35,4.79,4.41,4.12,4.07,4.0,4.33,4.18,2023
08/10/2023,5.55,5.52,5.54,5.53,5.52,5.33,4.82,4.47,4.21,4.17,4.09,4.41,4.24,2023
08/11/2023,5.54,5.51,5.54,5.54,5.52,5.36,4.89,4.56,4.31,4.26,4.16,4.45,4.27,2023
08/14/2023,5.55,5.52,5.56,5.53,5.56,5.37,4.96,4.64,4.36,4.29,4.19,4.46,4.29,2023
08/15/2023,5.53,5.52,5.56,5.51,5.55,5.36,4.92,4.64,4.36,4.31,4.21,4.49,4.32,2023
08/16/2023,5.52,5.53,5.56,5.54,5.54,5.37,4.97,4.68,4.42,4.37,4.28,4.55,4.38,2023
08/17/2023,5.55,5.52,5.56,5.54,5.53,5.36,4.94,4.67,4.42,4.38,4.3,4.58,4.41,2023
08/18/2023,5.53,5.52,5.55,5.54,5.52,5.35,4.92,4.63,4.38,4.34,4.26,4.55,4.38,2023
08/21/2023,5.55,5.53,5.57,5.55,5.58,5.37,4.97,4.7,4.46,4.42,4.34,4.64,4.45,2023
08/22/2023,5.54,5.53,5.57,5.55,5.57,5.39,5.02,4.75,4.49,4.44,4.34,4.61,4.42,2023
08/23/2023,5.54,5.53,5.57,5.56,5.55,5.35,4.95,4.64,4.36,4.3,4.19,4.46,4.27,2023
08/24/2023,5.55,5.53,5.58,5.57,5.59,5.39,4.98,4.69,4.39,4.34,4.23,4.49,4.3,2023
08/25/2023,5.56,5.53,5.61,5.59,5.61,5.44,5.03,4.72,4.44,4.37,4.25,4.5,4.3,2023
08/28/2023,5.56,5.53,5.58,5.6,5.56,5.44,4.98,4.69,4.38,4.32,4.2,4.48,4.29,2023
08/29/2023,5.54,5.53,5.56,5.57,5.52,5.37,4.87,4.56,4.26,4.21,4.12,4.42,4.23,2023
08/30/2023,5.55,5.53,5.56,5.6,5.51,5.39,4.9,4.57,4.27,4.22,4.12,4.42,4.23,2023
08/31/2023,5.52,5.55,5.56,5.61,5.48,5.37,4.85,4.54,4.23,4.19,4.09,4.39,4.2,2023
09/01/2023,5.51,5.55,5.53,5.58,5.47,5.36,4.87,4.57,4.29,4.27,4.18,4.48,4.29,2023
09/05/2023,5.51,5.56,5.55,5.59,5.51,5.42,4.94,4.65,4.37,4.35,4.27,4.56,4.38,2023
09/06/2023,5.52,5.55,5.55,5.6,5.52,5.44,5.01,4.73,4.44,4.39,4.3,4.56,4.37,2023
09/07/2023,5.52,5.56,5.53,5.59,5.5,5.4,4.94,4.66,4.38,4.35,4.27,4.55,4.36,2023
09/08/2023,5.52,5.56,5.55,5.6,5.49,5.42,4.98,4.68,4.39,4.35,4.26,4.52,4.33,2023
09/11/2023,5.52,5.56,5.55,5.58,5.51,5.4,4.97,4.64,4.4,4.37,4.29,4.56,4.37,2023
09/12/2023,5.52,5.56,5.56,5.58,5.53,5.42,4.98,4.66,4.41,4.36,4.27,4.54,4.35,2023
09/13/2023,5.53,5.56,5.55,5.6,5.51,5.42,4.96,4.64,4.39,4.34,4.25,4.52,4.34,2023
09/14/2023,5.52,5.57,5.55,5.59,5.5,5.42,5.0,4.68,4.42,4.38,4.29,4.57,4.39,2023
09/15/2023,5.51,5.56,5.56,5.6,5.49,5.43,5.02,4.72,4.45,4.41,4.33,4.59,4.42,2023
09/18/2023,5.53,5.56,5.55,5.6,5.51,5.44,5.05,4.74,4.46,4.41,4.32,4.57,4.4,2023
09/19/2023,5.53,5.56,5.54,5.59,5.51,5.45,5.08,4.79,4.51,4.47,4.37,4.6,4.43,2023
09/20/2023,5.53,5.57,5.56,5.61,5.51,5.47,5.12,4.82,4.52,4.46,4.35,4.57,4.4,2023
09/21/2023,5.52,5.57,5.57,5.61,5.52,5.46,5.12,4.85,4.61,4.57,4.49,4.74,4.56,2023
09/22/2023,5.52,5.58,5.56,5.61,5.52,5.46,5.1,4.8,4.57,4.53,4.44,4.7,4.53,2023
09/25/2023,5.54,5.58,5.58,5.6,5.52,5.45,5.09,4.83,4.62,4.61,4.55,4.84,4.67,2023
09/26/2023,5.54,5.58,5.58,5.61,5.53,5.45,5.04,4.84,4.62,4.62,4.56,4.86,4.7,2023
09/27/2023,5.54,5.59,5.58,5.62,5.53,5.49,5.1,4.89,4.67,4.69,4.61,4.91,4.73,2023
09/28/2023,5.56,5.61,5.56,5.61,5.53,5.46,5.04,4.83,4.62,4.63,4.59,4.9,4.71,2023
09/29/2023,5.55,5.6,5.55,5.61,5.53,5.46,5.03,4.8,4.6,4.61,4.59,4.92,4.73,2023
10/02/2023,5.56,5.6,5.62,5.62,5.58,5.49,5.12,4.88,4.72,4.73,4.69,5.0,4.81,2023
10/03/2023,5.55,5.6,5.62,5.62,5.58,5.49,5.15,4.95,4.8,4.84,4.81,5.13,4.95,2023
10/04/2023,5.56,5.58,5.61,5.62,5.57,5.42,5.05,4.85,4.72,4.75,4.73,5.05,4.87,2023
10/05/2023,5.57,5.59,5.61,5.62,5.56,5.39,5.03,4.82,4.68,4.73,4.72,5.06,4.89,2023
10/06/2023,5.59,5.6,5.63,5.64,5.59,5.43,5.08,4.87,4.75,4.79,4.78,5.13,4.95,2023
10/10/2023,5.6,5.61,5.61,5.63,5.57,5.37,4.96,4.74,4.62,4.66,4.66,5.03,4.85,2023
10/11/2023,5.58,5.59,5.61,5.63,5.56,5.38,4.99,4.73,4.59,4.61,4.58,4.92,4.73,2023
10/12/2023,5.61,5.59,5.63,5.63,5.58,5.43,5.06,4.82,4.69,4.73,4.7,5.05,4.86,2023
10/13/2023,5.6,5.58,5.62,5.62,5.57,5.41,5.04,4.8,4.65,4.66,4.63,4.97,4.78,2023
10/16/2023,5.57,5.58,5.61,5.63,5.58,5.42,5.09,4.87,4.72,4.74,4.71,5.06,4.87,2023
10/17/2023,5.58,5.58,5.62,5.64,5.6,5.48,5.19,5.01,4.86,4.88,4.83,5.14,4.94,2023
10/18/2023,5.57,5.56,5.61,5.62,5.58,5.47,5.19,5.03,4.92,4.95,4.91,5.2,5.0,2023
10/19/2023,5.58,5.57,5.6,5.62,5.56,5.44,5.14,5.01,4.95,5.0,4.98,5.3,5.11,2023
10/20/2023,5.56,5.56,5.58,5.61,5.54,5.41,5.07,4.93,4.86,4.93,4.93,5.27,5.09,2023
10/23/2023,5.57,5.57,5.58,5.59,5.56,5.42,5.05,4.89,4.81,4.87,4.86,5.19,5.01,2023
10/24/2023,5.57,5.57,5.58,5.6,5.57,5.41,5.02,4.91,4.82,4.86,4.83,5.15,4.96,2023
10/25/2023,5.56,5.57,5.59,5.61,5.57,5.43,5.08,4.98,4.89,4.98,4.95,5.27,5.09,2023
10/26/2023,5.57,5.57,5.59,5.6,5.55,5.39,5.02,4.89,4.79,4.86,4.86,5.19,5.01,2023
10/27/2023,5.57,5.57,5.59,5.6,5.55,5.39,4.99,4.84,4.76,4.83,4.84,5.19,5.03,2023
10/30/2023,5.56,5.57,5.6,5.61,5.53,5.41,5.03,4.87,4.8,4.88,4.88,5.21,5.04,2023
10/31/2023,5.56,5.57,5.59,5.61,5.54,5.44,5.07,4.9,4.82,4.89,4.88,5.21,5.04,2023
11/01/2023,5.56,5.55,5.57,5.54,5.51,5.37,4.95,4.76,4.67,4.75,4.77,5.13,4.96,2023
11/02/2023,5.52,5.56,5.54,5.53,5.5,5.38,4.98,4.78,4.65,4.68,4.67,4.99,4.82,2023
11/03/2023,5.53,5.56,5.53,5.5,5.45,5.29,4.83,4.62,4.49,4.55,4.57,4.93,4.77,2023
11/06/2023,5.53,5.56,5.56,5.49,5.47,5.33,4.93,4.72,4.6,4.66,4.67,5.0,4.84,2023
11/07/2023,5.53,5.56,5.55,5.48,5.47,5.33,4.91,4.64,4.53,4.58,4.58,4.91,4.75,2023
11/08/2023,5.52,5.54,5.54,5.49,5.46,5.34,4.93,4.65,4.51,4.54,4.49,4.82,4.64,2023
11/09/2023,5.53,5.56,5.54,5.5,5.46,5.39,5.03,4.77,4.65,4.68,4.62,4.97,4.77,2023
11/10/2023,5.53,5.55,5.53,5.47,5.46,5.38,5.04,4.8,4.65,4.68,4.61,4.93,4.73,2023
11/13/2023,5.53,5.55,5.55,5.49,5.48,5.37,5.02,4.8,4.66,4.69,4.63,4.95,4.75,2023
11/14/2023,5.52,5.55,5.52,5.45,5.41,5.24,4.8,4.56,4.42,4.45,4.44,4.8,4.61,2023
11/15/2023,5.52,5.54,5.53,5.46,5.41,5.27,4.9,4.68,4.52,4.56,4.53,4.87,4.68,2023
11/16/2023,5.53,5.55,5.51,5.46,5.38,5.23,4.83,4.59,4.43,4.47,4.45,4.82,4.63,2023
11/17/2023,5.52,5.54,5.5,5.42,5.39,5.24,4.88,4.64,4.45,4.47,4.44,4.8,4.59,2023
11/20/2023,5.53,5.55,5.54,5.46,5.43,5.25,4.89,4.62,4.44,4.46,4.42,4.74,4.57,2023
11/21/2023,5.52,5.54,5.53,5.45,5.42,5.24,4.86,4.6,4.41,4.44,4.41,4.75,4.57,2023
11/22/2023,5.54,5.55,5.54,5.47,5.42,5.26,4.89,4.62,4.44,4.46,4.42,4.73,4.55,2023
11/24/2023,5.55,5.56,5.54,5.48,5.45,5.27,4.92,4.67,4.49,4.51,4.47,4.79,4.6,2023
11/27/2023,5.54,5.54,5.49,5.47,5.45,5.24,4.84,4.6,4.38,4.43,4.39,4.72,4.53,2023
11/28/2023,5.53,5.53,5.47,5.45,5.42,5.21,4.73,4.49,4.29,4.36,4.34,4.7,4.52,2023
11/29/2023,5.53,5.52,5.45,5.48,5.38,5.12,4.64,4.4,4.22,4.28,4.27,4.62,4.44,2023
11/30/2023,5.56,5.54,5.45,5.49,5.38,5.16,4.73,4.48,4.31,4.38,4.37,4.72,4.54,2023
12/01/2023,5.55,5.53,5.43,5.45,5.33,5.05,4.56,4.31,4.14,4.22,4.22,4.58,4.4,2023
12/04/2023,5.55,5.53,5.46,5.47,5.41,5.1,4.64,4.4,4.23,4.3,4.28,4.61,4.43,2023
12/05/2023,5.54,5.51,5.45,5.46,5.37,5.06,4.57,4.33,4.14,4.2,4.18,4.48,4.3,2023
12/06/2023,5.54,5.5,5.45,5.47,5.38,5.07,4.6,4.33,4.12,4.16,4.12,4.4,4.22,2023
12/07/2023,5.53,5.54,5.44,5.47,5.36,5.05,4.58,4.31,4.11,4.16,4.14,4.42,4.25,2023
12/08/2023,5.54,5.53,5.44,5.49,5.39,5.13,4.71,4.45,4.24,4.28,4.23,4.49,4.31,2023
12/11/2023,5.55,5.54,5.47,5.48,5.4,5.14,4.71,4.42,4.25,4.27,4.23,4.51,4.32,2023
12/12/2023,5.53,5.53,5.46,5.48,5.41,5.14,4.73,4.42,4.23,4.24,4.2,4.48,4.3,2023
12/13/2023,5.52,5.52,5.44,5.45,5.33,4.94,4.46,4.18,4.0,4.04,4.04,4.36,4.19,2023
12/14/2023,5.54,5.54,5.43,5.45,5.31,4.9,4.37,4.09,3.9,3.93,3.92,4.21,4.03,2023
12/15/2023,5.54,5.54,5.44,5.47,5.33,4.95,4.44,4.13,3.91,3.94,3.91,4.19,4.0,2023
12/18/2023,5.52,5.52,5.46,5.47,5.36,4.95,4.43,4.15,3.94,3.97,3.95,4.23,4.05,2023
12/19/2023,5.51,5.51,5.43,5.45,5.35,4.93,4.41,4.15,3.94,3.96,3.93,4.23,4.03,2023
12/20/2023,5.5,5.49,5.44,5.45,5.33,4.88,4.34,4.06,3.86,3.88,3.86,4.17,3.98,2023
12/21/2023,5.54,5.53,5.42,5.45,5.31,4.84,4.33,4.06,3.87,3.91,3.89,4.19,4.03,2023
12/22/2023,5.54,5.52,5.44,5.45,5.31,4.82,4.31,4.04,3.87,3.92,3.9,4.21,4.05,2023
12/26/2023,5.53,5.52,5.45,5.44,5.28,4.83,4.26,4.05,3.89,3.91,3.89,4.2,4.04,2023
12/27/2023,5.55,5.53,5.44,5.42,5.26,4.79,4.2,3.97,3.78,3.81,3.79,4.1,3.95,2023
12/28/2023,5.57,5.55,5.45,5.42,5.28,4.82,4.26,4.02,3.83,3.84,3.84,4.14,3.98,2023
12/29/2023,5.6,5.59,5.4,5.41,5.26,4.79,4.23,4.01,3.84,3.88,3.88,4.2,4.03,2023
